GISJOIN,GEOGYEAR,STATE,STATEA,COUNTY,COUNTYA,TRACTA,POP1990,POP2000,POP2010,POP2020,Wht1990,Wht2000,Wht2010,Wht2020,Blk1990,Blk2000,Blk2010,Blk2020,AmIn1990,AmIn2000,AmIn2010,AmIn2020,Asn1990,Asn2000,Asn2010,Asn2020,PacIs1990,PacIs2000,PacIs2010,PacIs2020,Othr1990,Othr2000,Othr2010,Othr2020,TwoR1990,TwoR2000,TwoR2010,TwoR2020,Lat1990,Lat2000,Lat2010,Lat2020
G4700370010103,2010,Tennessee,47,Davidson County,37,10103,2264.14,2353.18,2377,2459,2236.14,2273.18,2244,2105,16,34,67,121,7,8,7,6,5,7,12,12,0,0,0,4,0,11,16,79,0,20,31,132,7,21,40,154
G4700370010104,2010,Tennessee,47,Davidson County,37,10104,2841,3194,3070,3213,2793,3000,2820,2657,36,154,172,230,2,7,9,11,1,8,8,15,0,1,1,7,9,6,22,64,0,18,38,229,19,20,54,111
G4700370010105,2010,Tennessee,47,Davidson County,37,10105,4696,4323,4268,4478,1037,937,831,889,3640,3287,3310,3220,6,11,5,0,6,7,7,58,0,2,1,0,7,25,44,146,0,54,70,165,18,39,87,193
G4700370010106,2010,Tennessee,47,Davidson County,37,10106,1676.79,1756.25,2668,3042,834.86,675.03,644,806,826.93,1053.21,1946,1967,4,6,4,12,11,2,9,25,0,0,0,0,0,1,30,94,0,19,35,138,2,6,42,176
G4700370010201,2010,Tennessee,47,Davidson County,37,10201,3360.72,3475.63,4041,4200,2895.72,2538.65,2065,1685,427,867.99,1715,1727,2,7,15,44,33,27.99,44,59,0,0,4,1,3,3,136,417,0,31,62,267,6,21,260,632
G4700370010202,2010,Tennessee,47,Davidson County,37,10202,3274.95,3674.69,3530,4158.25,3174.95,3503.69,3336,3320.22,77,95,117,396,3,13,6,18,14,19,22,47,1.99,0,0,4,4,19,14,135,0,25,35,238.02,7,35,66,240.01
G4700370010301,2010,Tennessee,47,Davidson County,37,10301,3054.83,3187.22,3676,3895,2820.84,2811.22,2595,1976,199,294.99,837,1371,8,7,12,22,19,12.01,56,56,0,0,1,5,8,18,110,159,0,44,65,306,14,35,174,379
G4700370010302,2010,Tennessee,47,Davidson County,37,10302,1871.93,2137.95,2104,1817,1803.94,1552.95,1283,1106,55,526,670,383,0,6,7,19,10.99,9,13,10,1,0,2,6,1,17,39,98,0,27,90,195,16,28,81,274
G4700370010303,2010,Tennessee,47,Davidson County,37,10303,3250.42,3830.05,4539,5723,3069.41,3299.05,3186,2940,95,329,989,1761,12,11,6,37,64.01,87,121,142,4,2,13,25,6,41,108,326,0,61,116,492,18,96,255,674
G4700370010401,2010,Tennessee,47,Davidson County,37,10401,3006.66,3396.65,4494,5316,2808.53,2593.42,2662,2305,169.12,483.21,1208,1680,2,25,17,53,21.01,25,62,77,0,1,8,7,6,203,384,742,0,66.02,153,452,31,319,837,1181
G4700370010402,2010,Tennessee,47,Davidson County,37,10402,5068.97,5279.76,5588,6023,4487.47,3842.65,2965,2030,521.43,1007.82,1773,2324,8.01,19.01,25,38,26.04,19.01,20,14,0,5,17,0,26.01,240.21,582,881,0,146.07,206,736,52.04,422.52,1065,1470
G4700370010501,2010,Tennessee,47,Davidson County,37,10501,4916.62,5236,5029,5593,4757.65,4927,4436,4325,121.62,193,356,627,17,20,30,35,1,10,16,45,4.35,1,0,0,15,35,58,189,0,50,133,372,25.35,83,192,408
G4700370010502,2010,Tennessee,47,Davidson County,37,10502,3147.03,4292.62,4706,5120,2886.56,3735.41,3820,3683,240.72,419.07,582,699,6.06,14.02,24,25,2.02,40,72,130,0.65,0,0,5,11.02,46,73,159,0,38.11,135,419,28.69,95.11,225,330
G4700370010601,2010,Tennessee,47,Davidson County,37,10601,3753.77,4347.15,5007,5366,3428.06,3432.91,2854,2213,252.77,649.54,1507,1905,12.99,9.99,14,81,45.97,47.99,63,63,0,5,7,0,13.99,130.79,476,665,0,70.93,86,439,47.96,315.48,866,1187
G4700370010602,2010,Tennessee,47,Davidson County,37,10602,2538.42,3245.24,3442,3544,2117.59,2262.53,1629,1139,388.83,829.71,1411,1430,1,20,19,31,22,31,28,44,0,1,3,2,9,50,257,517,0,51,95,381,40.99,118,577,952
G4700370010701,2010,Tennessee,47,Davidson County,37,10701,3963.41,4220.23,4431,4265.08,3610.41,3307.23,2720,1967.23,300,597,1200,1203.5,13,25,11,15,25,13,27,20,0,8,9,3,15,172,328,610.4,0,98,136,445.95,31,276,715,1049.28
G4700370010702,2010,Tennessee,47,Davidson County,37,10702,3165.59,3326.77,3034,3390.79,2584.59,2121.77,1728,1428.85,547,756,916,898.98,5,15,17,26,13,67,44,21,0,1,0,3,16,273,229,500,0,93,100,512.96,27,326,547,1063.94
G4700370010801,2010,Tennessee,47,Davidson County,37,10801,4788.18,5227.2,5363,5703,4093.34,3553.5,2665,2346,623.85,1390.73,2090,2125,2,9,19,31,55.99,96.99,92,88,1,0,5,0,12,80,367,625,0,96.98,125,488,44.99,144.99,623,1037
G4700370010802,2010,Tennessee,47,Davidson County,37,10802,3373,3031,3274,3346.13,3104,2500,2235,1981.92,241,440,805,813.52,7,4,9,23,14,38,45,69,3,2,3,3,4,26,120,217.6,0,21,57,238.09,32,58,206,392.78
G4700370010901,2010,Tennessee,47,Davidson County,37,10901,2814,2961,2952,3305,2488,2034,1727,1524,310,812,1029,1211,2,9,7,23,6,11,31,25,0,9,0,0,8,50,100,309,0,36,58,213,19,105,185,511
G4700370010903,2010,Tennessee,47,Davidson County,37,10903,3952.27,4918,4810,5858,953.44,739,607,668,2972.51,4034,3890,4442,6,7,3,28,11.45,35,8,46,0,0,6,11,8.87,30,196,372,0,73,100,291,29.11,63,353,558
G4700370010904,2010,Tennessee,47,Davidson County,37,10904,2759.76,2736.03,2888,2931,502.57,300.01,246,326,2251.51,2379.02,2567,2396,0,7,14,15,1.55,8,3,5,0,0,1,1,4.13,14,30,88,0,28,27,100,30.89,2,37,143
G4700370011001,2010,Tennessee,47,Davidson County,37,11001,5809.48,6343.52,5953,6540,3226.41,2639.32,1853,1983,2501.06,3276.19,3371,2815,11,21,25,61,55.01,107,131,106,0,1,5,2,16,195,409,1055,0,104,159,518,43,316.01,613,1564
G4700370011002,2010,Tennessee,47,Davidson County,37,11002,2168.49,2370.45,2643,2639.05,1832.58,1555.67,1264,1338,308.93,731.79,1216,974.23,0,5,4,5,20.98,28,42,42.07,0,0,0,0,6,22.99,62,90.22,0,27,55,189.52,2,41.99,133,200.29
G4700370011100,2010,Tennessee,47,Davidson County,37,11100,4118.07,4219.1,3921,3956.11,3896.07,3695.1,3210,3233.79,178,337,445,258,10,26,11,8,26,44,53,78.95,0,0,1,3,8,51,105,95.78,0,66,96,278.59,43,82,239,234.76
G4700370011200,2010,Tennessee,47,Davidson County,37,11200,4674,4406,4133,4334.84,4061,3287,2998,3379.21,544,934,888,461.77,32,24,22,9,29,36,28,53.98,0,0,2,0,8,44,105,92,0,81,90,338.88,46,113,188,241.95
G4700370011300,2010,Tennessee,47,Davidson County,37,11300,5402.24,5514.17,5317,5152,3441.13,2641.04,2043,2211,1887.1,2415.13,2300,1502,12,17,18,72,38,58,53,79,3,1,1,0,21,232,733,717,0,150,169,571,45,431,1006,1325
G4700370011400,2010,Tennessee,47,Davidson County,37,11400,5559,5296,4461,5032,1748,1550,1606,2830,3778,3539,2583,1655,14,19,17,31,9,28,22,50,0,1,9,7,10,62,108,153,0,97,116,306,21,97,207,288
G4700370011500,2010,Tennessee,47,Davidson County,37,11500,4074.36,4118.54,3724,3819,3584.84,3085.47,2603,2881,455.57,883.37,951,569,4,16,18,16,24.36,42,45,58,1.59,1,2,1,4,26.89,37,63,0,63.81,68,231,16,44,75,201
G4700370011600,2010,Tennessee,47,Davidson County,37,11600,5428.56,5221.36,4751,5257,4445.09,3375.44,3042,3850,939.42,1597.63,1435,862,10,19,17,9,22.64,75,109,80,1.41,0,0,2,10,78.11,59,106,0,76.19,89,348,29,117,164,283
G4700370011700,2010,Tennessee,47,Davidson County,37,11700,6335,6169,6044,6055,3694,3113,3473,4193,2581,2755,2221,1202,23,19,19,24,18,33,30,80,2,5,1,0,17,113,144,142,0,131,156,414,51,277,312,426
G4700370011800,2010,Tennessee,47,Davidson County,37,11800,4260,4112,2673,2577,383,265,373,923,3827,3697,2197,1475,14,6,3,7,21,8,14,24,0,0,0,5,15,58,36,39,0,78,50,104,41,99,50,92
G4700370011900,2010,Tennessee,47,Davidson County,37,11900,2475,2468,2429,2982,182,228,664,1410,2286,2014,1616,1128,4,5,5,25,1,6,3,39,0,0,1,4,2,109,92,149,0,106,48,227,2,154,256,338
G4700370012100,2010,Tennessee,47,Davidson County,37,12100,3008,2710,2431,2649,2460,2091,2137,2271,496,468,178,113,17,16,6,5,29,29,37,34,0,1,2,0,6,60,22,38,0,45,49,188,19,81,88,125
G4700370012200,2010,Tennessee,47,Davidson County,37,12200,2566,2508,2056,2187,2205,1783,1620,1786,340,560,343,179,8,15,12,3,9,17,16,29,0,1,0,0,4,83,15,27,0,49,50,163,18,109,67,105
G4700370012600,2010,Tennessee,47,Davidson County,37,12600,2182.76,1787.83,1999,2005,530.87,306.96,385,679,1633.9,1428.87,1531,1121,1,4,0,11,16,11,5,17,0,0,5,0,1,11,27,43,0,26,46,134,6,21,47,100
G4700370012701,2010,Tennessee,47,Davidson County,37,12701,5424.21,5267.75,5150,5963,409.14,246.97,261,510,4996.07,4914.79,4756,5078,2,4,4,24,10,10,12,22,0,4,2,0,7,24,45,120,0,64,70,209,19,34,62,236
G4700370012702,2010,Tennessee,47,Davidson County,37,12702,1958.79,2251.94,2376,3323,475.89,374.98,287,415,1480.9,1816.96,1994,2589,2,1,12,17,0,19,26,28,0,2,0,5,0,4,5,127,0,34,52,142,22,10,18,164
G4700370012801,2010,Tennessee,47,Davidson County,37,12801,5395.21,5183.06,4835,4944,1132.11,800.02,559,749,4238.1,4270.04,4089,3783,9,10,7,14,11,9,5,17,0,0,0,2,5,50,96,159,0,44,79,220,17,82,143,269
G4700370012802,2010,Tennessee,47,Davidson County,37,12802,4569.51,4507.49,4546,4148,1558.41,1268.34,1260,1161,2969.09,3139.07,3149,2732,8,9.01,18,16,25,26.03,27,25,0,1,2,0,9.01,9,14,97,0,55.04,76,117,31,35,58,161
G4700370013000,2010,Tennessee,47,Davidson County,37,13000,2289.04,2577.05,1938,1650,1261.05,1285.04,960,850,996,1232,931,733,24,17,8,4,2,3,4,8,3,2,0,0,3,11,16,34,0,27,19,21,17,25,53,60
G4700370013100,2010,Tennessee,47,Davidson County,37,13100,1820.49,1776.51,2190,2334,1661.59,1516.66,1460,1329,141.91,162.93,561,718,9,19.99,11,10,3,18.97,60,83,0,0,0,0,4.99,6,62,66,0,51.96,36,128,5,18,93,103
G4700370013201,2010,Tennessee,47,Davidson County,37,13201,3080.57,3064.14,2936,3092,2870.23,2396.73,2159,2036,100.3,213.32,183,147,4,10.01,13,4,98.04,372.03,456,379,0,2,3,0,8,17.02,66,287,0,53.03,56,239,30.01,40.03,152,471
G4700370013202,2010,Tennessee,47,Davidson County,37,13202,3203.1,3180,3287,3472,3093.1,2757,2642,2498,44,207,249,280,23,6,18,11,39,81,122,152,2,4,2,0,2,45,152,279,0,80,102,252,23,103,400,448
G4700370013300,2010,Tennessee,47,Davidson County,37,13300,4168.32,4537.15,4004,5165,3603.88,3407.96,2841,3831,504.45,488.2,634,514,10,33,17,37,36,93,49,116,0,2,1,4,14,393,351,276,0,120,111,387,29,717,693,549
G4700370013400,2010,Tennessee,47,Davidson County,37,13400,4076.88,3590.95,3746,4460,3953.03,3429.28,3542,3975,86,69.21,76,88,14,12.83,8,8,19.84,35,58,86,0,1,0,0,4,13,12,15,0,30.63,50,288,32,54.1,66,140
G4700370013500,2010,Tennessee,47,Davidson County,37,13500,2418.72,2167.91,1936,2398,1065.02,907.01,1115,1695,1283.7,1113.85,727,461,11,12,4,8,42,63,21,45,0,1,1,2,17,32,31,55,0,39.05,37,132,26,51.02,75,116
G4700370013601,2010,Tennessee,47,Davidson County,37,13601,3949.84,4097.08,3616,4078,63.5,72.99,191,741,3834.33,3916.13,3309,3040,7,3,9,20,38,21,13,76,1,6,0,0,6,10,22,76,0,67.95,72,125,16,23.98,43,107
G4700370013602,2010,Tennessee,47,Davidson County,37,13602,2470.1,2761.01,2120,2410,37.46,48,42,853,2426.65,2680,2034,1471,1,5,0,2,3,2,3,7,0,1,0,0,2,2,4,52,0,23,37,25,6,22,27,74
G4700370013700,2010,Tennessee,47,Davidson County,37,13700,5372.01,5203.01,5834,6823,451,306,499,1741,4906.01,4786.01,5053,4435,10,26,9,20,4,10,67,165,1,12,1,3,0,6,24,101,0,57,181,358,8,14,72,260
G4700370013800,2010,Tennessee,47,Davidson County,37,13800,1658.99,1698.99,1623,1464,13,26,33,189,1644.99,1656.99,1550,1153,0,0,2,7,1,7,2,7,0,0,0,0,0,0,1,45,0,9,35,63,6,4,15,55
G4700370013900,2010,Tennessee,47,Davidson County,37,13900,1784.02,1763.02,1646,1662,34,32,70,373,1732.02,1689.01,1533,1140,0,4,4,7,0,1,0,6,0,1,0,0,18,16,3,49,0,20,36,87,19,18,21,119
G4700370014200,2010,Tennessee,47,Davidson County,37,14200,2509.98,2230.98,2249,2418,58,101,102,382,2405.98,2052.99,2065,1887,5,9,6,3,27,26,29,21,0,0,0,3,14,7,14,61,0,35,33,61,22,26,34,82
G4700370014300,2010,Tennessee,47,Davidson County,37,14300,1929.87,1946.81,1816,1761,15,30,93,294,1909.87,1870.81,1655,1277,1,1,1,3,0,5,12,24,0,0,0,5,4,4,9,85,0,36,46,73,9,13,27,114
G4700370014400,2010,Tennessee,47,Davidson County,37,14400,2129.43,2216.5,1250,2574.72,76,300.98,133,1147.53,2049.43,1848.53,1040,1115.47,0,2,7,3,2,17,9,130.35,0,0,0,0,2,23,26,38.92,0,24.99,35,139.45,13.99,43.99,45,112.47
G4700370014800,2010,Tennessee,47,Davidson County,37,14800,3678,3221,3127,2815,53,88,109,162,3595,3028,2881,2470,3,11,10,4,15,4,8,2,4,11,2,0,8,19,32,72,0,60,85,105,17,62,103,96
G4700370015100,2010,Tennessee,47,Davidson County,37,15100,4092.98,4079.98,4026,4119,3955.98,3658.98,3251,2944,105,212,271,352,10,18,19,23,17,44,209,133,1,2,1,0,4,81,182,259,0,64,93,408,43,153,359,518
G4700370015200,2010,Tennessee,47,Davidson County,37,15200,2897.02,2671.02,2578,2588,2793.02,2507.02,2298,2138,59,63,132,115,8,16,15,14,22,21,17,48,0,0,0,2,15,18,58,66,0,46,58,205,31,53,149,213
G4700370015300,2010,Tennessee,47,Davidson County,37,15300,4128.01,4591.7,5804,5922.13,3997.31,4238.3,4823,4505.01,72.41,219,563,682.56,14,13,21,30,39.12,55.4,108,118,0.12,0,3,8,5.06,36,164,149,0,30,122,429.56,24.29,76.61,302,416
G4700370015401,2010,Tennessee,47,Davidson County,37,15401,3786.24,5078.04,5642,5652.72,3417.31,4491.26,4625,4160.71,264,352.9,523,681,19.99,20,22,17,74.93,94.9,165,210.01,0,0,0,4,10,48,173,206,0,70.98,134,374,28,134.97,351,402
G4700370015402,2010,Tennessee,47,Davidson County,37,15402,4312.35,4200.38,4109,4934,4130.79,3746.59,3288,3289,138.66,299.93,489,718,12.94,22.98,18,23,20.98,23,42,81,0,0,1,4,8.98,68,164,337,0,39.89,107,482,57.96,126.89,348,731
G4700370015404,2010,Tennessee,47,Davidson County,37,15404,3313,3408,2926,3115,3125,2962,2235,2005,165,237,335,392,7,12,13,7,14,14,13,46,0,0,0,0,2,117,269,272,0,66,61,393,19,247,428,632
G4700370015405,2010,Tennessee,47,Davidson County,37,15405,3668.44,3871.19,4401,4779,3314.53,3292.13,3274,3052,288.91,408.87,743,916,13,11,16,19,23,49.21,85,105,6,1,6,0,23,50.98,143,264,0,57.99,134,423,48,116.43,290,558
G4700370015501,2010,Tennessee,47,Davidson County,37,15501,3492.99,3613.3,3383,3267.87,3265.69,3089.7,2722,2340.99,192.59,359,402,468.44,5,11,14,12,15.88,60.6,149,135,1.88,2,2,2,11.94,57,47,100,0,34,47,209.44,40.71,117.39,109,192
G4700370015502,2010,Tennessee,47,Davidson County,37,15502,4746,4245,3924,4100,4578,3747,3208,2919,134,304,439,457,7,23,15,22,19,56,41,93,0,3,2,0,8,53,124,219,0,59,95,390,46,141,308,449
G4700370015609,2010,Tennessee,47,Davidson County,37,15609,1058,2749,3411,5236,985,2405,2503,3294,64,224,473,880,3,11,18,24,5,62,295,465,0,1,3,2,1,22,44,141,0,24,75,430,4,55,141,397
G4700370015610,2010,Tennessee,47,Davidson County,37,15610,3904,5243,7820,8947,3663,4591,5993,5992,163,398,1231,1780,17,13,22,41,51,100,300,264,1,3,3,12,9,45,106,239,0,93,165,619,24,116,265,608
G4700370015612,2010,Tennessee,47,Davidson County,37,15612,4849.64,5255.68,6772,8084,4393.64,3825.7,3648,3169,337,985,2366,3079,19,18,25,49,76,151,115,157,4,10,3,2,20,158.99,402,938,0,106.99,213,690,56,299.99,766,1476
G4700370015613,2010,Tennessee,47,Davidson County,37,15613,3992,5317,6223,5270,3465,3070,2851,1762,415,1796,2329,1632,9,27,28,46,83,156,223,293,0,2,4,0,20,190,656,1112,0,76,132,425,59,412,1245,1662
G4700370015614,2010,Tennessee,47,Davidson County,37,15614,2321,3130,4245,4540,1922,1890,2053,1757,316,902,1283,1261,7,11,10,40,53,144,172,187,0,4,10,1,23,113,579,825,0,66,138,469,46,252,978,1344
G4700370015615,2010,Tennessee,47,Davidson County,37,15615,3948,4528,4775,5138,3347,2663,2146,1242,442,1140,1281,1068,7,15,20,88,135,279,196,242,0,4,0,2,17,246,973,1790,0,181,159,706,56,628,1688,2698
G4700370015617,2010,Tennessee,47,Davidson County,37,15617,2574,2638,2368,2480,2329,2008,1503,1385,212,543,723,673,1,9,8,24,23,25,36,37,2,3,0,1,7,6,46,162,0,44,52,198,26,32,119,322
G4700370015618,2010,Tennessee,47,Davidson County,37,15618,5605,5771,5712,6801.18,4590,3603,2966,2555.08,915,1855,2142,2273.06,13,11,22,41,69,133,121,177,0,1,3,9,18,66,300,950.03,0,102,158,796.01,122,155,698,1614.04
G4700370015619,2010,Tennessee,47,Davidson County,37,15619,1930.81,3509,4639,5546,1686.31,2613,2433,2181,212.05,747,1683,2180,6.19,3,11,12,22.35,91,200,224,0.35,2,3,8,3.55,6,156,514,0,47,153,427,18.96,37,324,775
G4700370015620,2010,Tennessee,47,Davidson County,37,15620,4172.19,5844,7033,7521.82,3610.69,3535,2921,2600.92,460.95,1738,3015,2626.94,8.81,19,8,41,71.65,240,132,147,0.65,0,6,2,19.45,204,686,1279.97,0,108,265,823.99,49.04,346,1287,2079.96
G4700370015622,2010,Tennessee,47,Davidson County,37,15622,1410,3013,3913,3845,1221,2364,2835,2280,175,474,719,869,5,14,26,21,5,30,65,106,0,2,7,6,4,88,157,211,0,41,104,352,21,141,369,455
G4700370015623,2010,Tennessee,47,Davidson County,37,15623,3468.56,4866.81,5335,5872,3029.47,3475.87,3363,2889,378.09,1070.13,1429,2072,9,29,21,17,39,87.79,109,163,0,2,1,0,13,102.02,211,247,0,100.01,201,484,39,199.57,457,574
G4700370015624,2010,Tennessee,47,Davidson County,37,15624,2695.74,3665.45,4509,4766,2513.67,2702.69,2890,2502,141.17,790.53,1208,1502,13.81,14.92,20,10,22.06,70.79,87,161,1.4,2,6,5,3.63,42.67,140,219,0,41.84,158,367,17.89,99.43,290,446
G4700370015625,2010,Tennessee,47,Davidson County,37,15625,2776.62,3607.87,4906,5717,2523.69,2924.61,3603,3638,209.83,466.47,951,1232,5.19,17.08,13,14,28.94,111.21,132,155,0.6,2,4,0,8.37,36.34,94,263,0,50.16,109,415,34.11,85.6,213,541
G4700370015626,2010,Tennessee,47,Davidson County,37,15626,2196.15,4371,5820,6737,1837.02,2551,2350,2253,316.5,1353,2645,3078,2.46,14,11,24,17.47,260,206,228,0.84,13,7,3,21.86,93,425,582,0,87,176,569,44.17,226,812,1123
G4700370015627,2010,Tennessee,47,Davidson County,37,15627,1383,1807,2683,3415,1206.78,1228,1164,994,146.59,420,902,952,2.16,1,14,38,19.37,68,150,253,2.16,0,4,1,5.95,53,363,727,0,37,86,450,16.9,111,612,1274
G4700370015628,2010,Tennessee,47,Davidson County,37,15628,1197.84,2793,3224,3744,1038.2,1546,1028,729,127.91,954,1719,2012,6.39,10,13,54,19.16,122,67,77,0,0,4,3,6.19,69,272,496,0,92,121,373,10.92,150,528,771
G4700370015629,2010,Tennessee,47,Davidson County,37,15629,1142,3174,4379,5461,1047,2076,1593,1485,73,861,2169,2707,1,8,7,24,15,134,113,159,2,0,2,0,4,36,346,593,0,59,149,493,16,111,640,971
G4700370015630,2010,Tennessee,47,Davidson County,37,15630,150,647,3189,5457,138,429,1238,1693,6,157,1652,2615,0,1,5,22,5,30,119,329,0,1,6,8,1,10,75,341,0,19,94,449,1,21,194,668
G4700370015631,2010,Tennessee,47,Davidson County,37,15631,1146.04,3958.8,8758,14997,1068.04,2884.88,4451,5992,67,863.12,3035,5455,9,11,29,73,2,78.8,312,440,0,2,10,7,0,51,661,1752,0,68,260,1278,8.18,101.12,1304,2865
G4700370015700,2010,Tennessee,47,Davidson County,37,15700,1555.93,1463,1600,1672,1488.61,1193,1045,893,41.27,156,221,130,4.03,14,10,31,17.03,30,23,29,0,0,0,1,5,28,207,429,0,42,94,159,30.07,53,382,627
G4700370015802,2010,Tennessee,47,Davidson County,37,15802,4719.89,5683.86,5882,6088,3945.91,3642.92,3117,2526,637.97,938.96,1281,1173,21,27,51,133,79,146.99,147,119,2,35,16,10,34,614.99,1071,1569,0,277.99,199,558,79,1405.97,1853,2178
G4700370015803,2010,Tennessee,47,Davidson County,37,15803,2197.11,3223.14,2771,3633.14,1014.09,1300.08,1371,822.05,1081.03,492.04,377,738.02,6,6,26,92.01,65,119.01,10,21,0,2,5,0,31,963.01,800,1531.05,0,341.01,182,429.02,44,1391.03,1324,2166.11
G4700370015804,2010,Tennessee,47,Davidson County,37,15804,3728,3968,4294,4376.86,2957,2463,2469,1640.95,650,906,1096,1548.98,6,12,26,37.99,93,173,115,85,2,6,8,0,20,260,418,733.95,0,148,162,329.98,43,466,886,1093.89
G4700370015900,2010,Tennessee,47,Davidson County,37,15900,3273,2578,2864,3068,2867,2036,2113,1986,338,397,485,510,9,4,13,28,44,44,34,53,1,1,0,1,14,54,144,371,0,42,75,119,47,97,256,530
G4700370016000,2010,Tennessee,47,Davidson County,37,16000,1159,1235,874,978,64,301,108,330,1089,894,704,470,2,2,3,5,1,6,4,16,0,0,0,1,3,21,35,60,0,11,20,96,7,43,36,119
G4700370016100,2010,Tennessee,47,Davidson County,37,16100,2852,2002,2047,2411,1729,907,796,1240,1087,886,1047,861,7,4,6,2,21,111,41,46,0,1,0,0,8,47,120,128,0,46,37,134,21,142,186,209
G4700370016200,2010,Tennessee,47,Davidson County,37,16200,3552.24,3438,3299,3476,405.41,563,823,1468,3069.67,2711,2307,1724,4,4,5,11,66.16,74,50,88,0,0,0,2,7,46,35,48,0,40,79,135,14.83,121,110,129
G4700370016300,2010,Tennessee,47,Davidson County,37,16300,2506,2416,2189,2693,222,426,783,1458,2264,1899,1319,911,7,5,7,7,12,10,31,94,0,0,1,2,1,12,11,54,0,64,37,167,14,32,36,141
G4700370016400,2010,Tennessee,47,Davidson County,37,16400,3208.23,2952.2,4402,5124,2867.21,2555.19,3642,3806,172,96,276,416,9,3,15,14,143.01,204.01,355,518,1,7,2,4,16,21,26,155,0,66,86,211,45,76,183,312
G4700370016500,2010,Tennessee,47,Davidson County,37,16500,4292,5261,4478,4812,3811,4253,3469,2899,248,351,415,539,6,12,16,9,206,473,426,1034,5,4,1,2,16,53,44,55,0,115,107,274,57,191,265,314
G4700370016600,2010,Tennessee,47,Davidson County,37,16600,2142,2240,2436,3612.28,1888,1814,1765,2553.47,166,205,250,399.53,7,9,7,12,75,163,338,361.65,0,0,1,0,6,9,22,44.08,0,40,53,241.55,32,39,107,176.53
G4700370016700,2010,Tennessee,47,Davidson County,37,16700,3603.63,5304.05,5398,5568,3542.48,4986.74,5008,4958,34,80.79,95,114,3,14.14,11,4,15.16,148,181,168,2,3,0,1,7,14,9,55,0,57.37,94,268,37,47.9,79,193
G4700370016800,2010,Tennessee,47,Davidson County,37,16800,4085.59,4260.58,4194,4427,3706.6,3568.59,3584,3509,104,93,71,112,11,8,7,9,244.99,477.99,427,459,1,13,1,3,18,34,26,63,0,66,78,272,48,107,120,201
G4700370016900,2010,Tennessee,47,Davidson County,37,16900,4800.18,4537.22,4514,4752,3846.18,3746.22,3900,4033,847,567,292,186,7,7,17,9,91,118,198,201,0,1,0,1,9,29,38,53,0,69,69,269,56,84,121,189
G4700370017000,2010,Tennessee,47,Davidson County,37,17000,3061.08,3036.99,3865,4567,682.83,1361.17,2843,3561,2311.41,1602.83,856,519,11,6,2,14,47.84,20,63,85,0,5,3,4,8,12,43,172,0,30,55,212,16.17,31,89,235
G4700370017100,2010,Tennessee,47,Davidson County,37,17100,2131.02,2146.35,1749,4194,303.31,532.6,1144,3421,1813.71,1529.76,518,352,0,5,4,9,12,33,35,126,0,0,0,1,2,11,9,53,0,35,39,232,4,23,39,188
G4700370017200,2010,Tennessee,47,Davidson County,37,17200,1890,1607,1335,1766.99,1750,1370,1068,1246.99,100,126,113,113,8,2,5,25,9,10,17,41,2,0,0,1,21,53,113,182,0,46,19,158,30,120,201,310
G4700370017300,2010,Tennessee,47,Davidson County,37,17300,3208.98,3302.97,3368,3287.01,2253.99,2025.98,1768,1540.01,548,453,432,318,6,4,24,43,381.99,367.99,239,172,0,2,1,4,19,334,771,864,0,116,133,346,44,451,1212,1203
G4700370017401,2010,Tennessee,47,Davidson County,37,17401,2192.02,2222.03,2238,2453,1747.01,1471.02,1218,1079,219,318,454,256,1,13,21,40,213.01,75.01,50,72,3,17,1,1,9,209,442,692,0,119,52,313,38,289,670,1121
G4700370017402,2010,Tennessee,47,Davidson County,37,17402,5127,5309,5907,6073,4554,3763,3422,3311,504,704,1116,538,3,11,23,112,50,232,195,194,0,1,1,1,16,458,976,1327,0,140,174,590,42,642,1494,2024
G4700370017500,2010,Tennessee,47,Davidson County,37,17500,2749.79,3092.83,2951,3035,2674.79,2616.85,2112,1864,47.99,210.98,283,213,3,17,15,27,17,58,45,48,2,2,1,3,5,103.99,416,604,0,84,79,276,22,221.99,709,883
G4700370017701,2010,Tennessee,47,Davidson County,37,17701,1999.95,2061.91,2081,2476,1975.95,2007.91,1999,2239,6,6,25,34,0,0,3,5,15,27,38,61,0,1,0,0,3,3,2,22,0,17,14,115,16,15,23,72
G4700370017702,2010,Tennessee,47,Davidson County,37,17702,4348,4177,4382,4983,4256,3988,3928,4438,64,82,252,165,6,8,4,7,19,47,79,123,0,11,1,0,3,13,26,48,0,28,92,202,26,53,73,177
G4700370017800,2010,Tennessee,47,Davidson County,37,17800,4988.71,5075.75,5145,5964,4555.5,4608.32,4609,5069,353.21,318.42,258,240,6,11,11,8,68,83,174,256,0,0,4,1,6,10,29,55,0,45,60,335,40,47,91,224
G4700370017901,2010,Tennessee,47,Davidson County,37,17901,4089,4347,4455,5594,4011,4201,4178,4838,14,41,112,198,4,7,5,13,54,57,121,242,0,1,0,0,6,14,9,39,0,26,30,264,22,38,54,176
G4700370017902,2010,Tennessee,47,Davidson County,37,17902,3496,4329,4326,4755,3371,4186,4064,4220,29,40,87,73,2,9,6,9,92,52,105,229,0,5,5,0,2,10,17,42,0,27,42,182,21,53,92,121
G4700370018000,2010,Tennessee,47,Davidson County,37,18000,4756.5,5041.01,4742,5216,4688.5,4867.98,4464,4650,38,46,66,102,5,8.02,9,13,25,65,128,163,0,1,0,0,0,8,14,60,0,45,61,228,31,44,88,162
G4700370018101,2010,Tennessee,47,Davidson County,37,18101,4366,4750,4700,5173,3295,3023,2584,2733,704,1036,1203,801,17,9,72,38,340,307,337,342,2,4,2,0,8,142,330,827,0,229,172,432,57,290,627,1293
G4700370018102,2010,Tennessee,47,Davidson County,37,18102,3437,3551,3529,3598,3313,3338,3256,3188,50,70,99,119,0,3,3,3,66,93,92,109,0,1,0,0,8,5,28,30,0,41,51,149,21,39,59,106
G4700370018201,2010,Tennessee,47,Davidson County,37,18201,3199.05,3013.15,2958,3144,3064.05,2807.38,2759,2769,58,53.85,73,86,2,9,5,0,70,102.92,65,77,1,0,0,1,4,9,25,62,0,31,31,149,31,27.54,59,122
G4700370018202,2010,Tennessee,47,Davidson County,37,18202,3782.1,5237.29,6486,6834,3533.09,4327.8,4970,4938,176,541.72,1054,992,3,10,15,13,61,217.78,263,258,0,3,1,2,9,29,66,152,0,108,117,479,49,100.45,221,383
G4700370018203,2010,Tennessee,47,Davidson County,37,18203,1428,1428,1434,1490,1407,1402,1393,1374,11,9,12,19,3,1,1,0,7,11,14,16,0,0,0,1,0,0,5,8,0,5,9,72,3,8,28,39
G4700370018301,2010,Tennessee,47,Davidson County,37,18301,4467.44,4861.51,7368,9304,4087.55,4159.89,5728,6839,263.93,381.7,751,836,9.01,9.99,17,32,90.96,175.97,408,744,0,4,13,3,16,51.98,287,218,0,77.97,164,632,27.99,89.97,535,535
G4700370018302,2010,Tennessee,47,Davidson County,37,18302,927.16,1460.18,2651,3032.96,901.16,1397.18,2421,2588.87,25,28,92,149.05,0,2,5,3,0,28,72,89,0,0,0,0,1,2,18,29,0,3,43,174.05,7.01,14,49,83.03
G4700370018401,2010,Tennessee,47,Davidson County,37,18401,5508,5852,5992,7286,5095,5074,4721,5326,239,284,715,915,11,19,14,19,137,251,312,346,0,3,2,2,26,69,98,224,0,152,130,454,77,175,251,485
G4700370018404,2010,Tennessee,47,Davidson County,37,18404,3381.77,4319.56,4407,5185,3177.78,3729.82,3665,3872,108,311.44,454,595,3,8,8,16,84,154.3,145,206,0,1,0,5,9,44,59,163,0,71,76,328,40,152.01,212,353
G4700370018405,2010,Tennessee,47,Davidson County,37,18405,3583.07,4357.92,4760,5045.73,3427.08,4038.92,4242,4269.31,77,125,214,230.04,8,19,16,35,64,115,162,118.08,1,0,1,2,6,15,26,87.03,0,45,99,304.28,30,64,124,256.14
G4700370018407,2010,Tennessee,47,Davidson County,37,18407,2085,3574,3813,5195,2008,3264,3306,4133,35,130,161,286,1,8,6,4,37,128,251,331,0,0,2,5,4,9,34,74,0,35,53,362,22,64,98,236
G4700370018408,2010,Tennessee,47,Davidson County,37,18408,780,3068.08,3417,3552,762,2755.08,2991,2939,16,133,177,153,0,6,8,5,2,146,170,217,0,2,0,0,0,13,16,37,0,13,55,201,5,23,46,118
G4700370018409,2010,Tennessee,47,Davidson County,37,18409,2289.45,3207.42,4010,4287,2215.43,3008.38,3663,3510,45.03,68.04,129,203,0,3,6,4,19,86,145,152,2,1,0,1,8,7,21,74,0,34,46,343,20,26,75,265
G4700370018410,2010,Tennessee,47,Davidson County,37,18410,2592.55,3005.59,2770,3457,2432.58,2617.63,2268,2487,105.97,167.96,233,381,2,5,9,4,49,129,162,169,0,0,1,1,3,30,49,93,0,56,48,322,41,73,116,254
G4700370018500,2010,Tennessee,47,Davidson County,37,18500,5228,5307,5328,5551,5176,5230,5186,5211,21,18,33,37,2,2,4,1,22,25,56,58,0,0,0,0,7,9,12,19,0,23,37,225,23,50,56,93
G4700370018601,2010,Tennessee,47,Davidson County,37,18601,2379,2268,2286,2387,2355,2183,2214,2238,8,24,10,22,0,2,1,0,16,35,32,50,0,0,2,0,0,7,5,6,0,17,22,71,16,26,21,60
G4700370018602,2010,Tennessee,47,Davidson County,37,18602,3669,4107,4158,4435,3558,3962,3944,4057,42,55,72,50,3,3,3,4,55,50,90,101,1,0,0,0,10,13,10,26,0,24,39,197,34,26,59,120
G4700370018700,2010,Tennessee,47,Davidson County,37,18700,3099,3291,3362,3795,3033,3165,3228,3517,35,40,42,54,4,5,5,8,24,46,55,59,0,0,0,0,3,10,12,16,0,25,20,141,15,31,41,87
G4700370018801,2010,Tennessee,47,Davidson County,37,18801,4571.57,4887.68,5462,6132,4515.56,4707.68,5095,5134,29.26,89.31,148,212,5.25,5,5,16,14.25,47.66,146,419,1,2,0,0,6.25,11.76,15,48,0,24.28,53,303,17.25,37.52,78,224
G4700370018803,2010,Tennessee,47,Davidson County,37,18803,1878,2735,3149,4054,1829,2490,2740,3338,35,131,196,209,1,9,8,2,12,54,133,232,0,0,1,0,1,15,24,61,0,36,47,212,8,91,87,159
G4700370018804,2010,Tennessee,47,Davidson County,37,18804,809,3266,4868,4980,764,2826,4013,3872,25,202,367,328,0,9,6,13,20,164,401,414,0,6,1,1,0,30,7,43,0,29,73,309,7,27,101,179
G4700370018901,2010,Tennessee,47,Davidson County,37,18901,2703,2735,2683,3392,2494,2191,2018,2068,182,301,364,400,2,6,8,17,22,97,110,130,0,4,0,1,3,26,89,498,0,110,94,278,26,60,229,703
G4700370018902,2010,Tennessee,47,Davidson County,37,18902,2593,2503,2454,2515,2449,2109,2018,1859,86,183,168,137,2,4,4,23,42,61,63,51,0,2,0,0,14,93,174,208,0,51,27,237,20,123,365,387
G4700370018904,2010,Tennessee,47,Davidson County,37,18904,3269.99,3465.44,3844,4003,2488.33,2262.12,2307,2100,715.69,614.58,671,461,7,11,18,87,53.98,77.87,144,180,2,6,2,0,2.99,100.93,525,775,0,392.94,177,400,17.99,200.9,1121,1342
G4700370018905,2010,Tennessee,47,Davidson County,37,18905,2884.43,3360.32,2898,3511,2494.44,2554.32,1885,1690,326.74,373.69,339,266,6.75,13,43,58,26.75,119.34,121,614,0,0,1,0,29.75,225.24,400,585,0,74.72,109,298,50.75,339.48,794,970
G4700370019003,2010,Tennessee,47,Davidson County,37,19003,3670,4011,5032,4552,2851,2201,2450,1453,741,904,662,766,10,4,21,52,53,104,217,346,1,5,6,5,14,600,1480,1292,0,193,196,638,61,890,2657,2014
G4700370019004,2010,Tennessee,47,Davidson County,37,19004,3603.58,3693.77,4407,4827,2788.48,2362.6,2418,1504,736.11,816.12,737,644,4,7,16,45,63.99,90.01,398,657,2,4,0,9,9,307.03,656,1383,0,107.01,182,585,75,728.04,1516,2005
G4700370019005,2010,Tennessee,47,Davidson County,37,19005,2469.39,3189.72,3172,3503.41,1660.11,1331.81,1045,819.41,685.67,1028.19,1437,1190.15,14.02,22.01,15,37.81,63.54,162.27,159,325.71,1,0,6,0,45.06,500.17,393,664.7,0,145.26,117,465.63,81.03,834.19,684,1178.4
G4700370019006,2010,Tennessee,47,Davidson County,37,19006,3781.61,4414.28,5473,5372.59,2987.89,2512.19,2471,1785.59,583.33,1109.81,1354,915.85,8.98,6.99,19,48.19,170.46,343.73,409,422.29,0,1,10,0,30.94,164.83,999,1588.3,0,275.74,211,612.37,50.97,346.81,1625,2287.6
G4700370019105,2010,Tennessee,47,Davidson County,37,19105,4555.7,4632.18,5502,6311,3900.49,3359.71,3155,2783,560.19,720.27,647,1239,17,6,30,64,50.01,134.11,1038,521,0,8,7,0,28.01,279.04,386,1096,0,125.05,239,608,45.01,460.06,869,1702
G4700370019106,2010,Tennessee,47,Davidson County,37,19106,2891.07,3616.22,3710,4179,2608.06,3038.19,2840,2626,225.01,307.02,442,498,2,3,6,20,36,135.01,164,395,0,1,0,4,20,77,127,291,0,55,131,345,41,172,270,544
G4700370019108,2010,Tennessee,47,Davidson County,37,19108,2491,2991,3248,3527,1877,1524,1559,837,544,1033,794,626,17,15,15,94,36,39,48,185,4,0,12,6,13,267,597,1177,0,113,223,602,35,502,1527,2034
G4700370019109,2010,Tennessee,47,Davidson County,37,19109,4504.92,4465.06,4692,5605,3709.29,2904.04,2535,1702,608.89,981.01,1086,783,15.22,14,17,103,161.52,213.01,166,695,0,1,2,1,10,176,694,1637,0,176,192,684,72.22,266,1387,2463
G4700370019110,2010,Tennessee,47,Davidson County,37,19110,3465.73,3353.61,3749,4042,3000.7,2425.57,2227,1579,382.01,588.03,608,544,10,11,32,64,57.02,79,64,226,1,1,1,2,15,148,583,1164,0,101.01,234,463,45,276,1238,1710
G4700370019111,2010,Tennessee,47,Davidson County,37,19111,3558.01,3864.94,4163,4516,2931.65,2542.96,1973,1422,451.1,879.99,1364,1309,13.78,11,15,77,145.48,183.99,167,272,2,2,0,1,14,110,490,928,0,135,154,507,62.78,243,845,1532
G4700370019112,2010,Tennessee,47,Davidson County,37,19112,2190.06,2466,3912,5228,1689.05,1447,1878,2112,434.01,682,1175,1289,6,1,22,40,39,100,320,456,0,1,1,3,22,145,374,900,0,90,142,428,25,274,747,1358
G4700370019114,2010,Tennessee,47,Davidson County,37,19114,1380,1984.14,9429,15243,1334,1795,7243,10300,32,122.14,1261,2313,0,1,9,36,7,33,516,1069,0,0,0,5,7,12,117,402,0,21,283,1118,9,24,400,1013
G4700370019115,2010,Tennessee,47,Davidson County,37,19115,607.99,1877.86,3654,3906,563.93,1570,2810,2746,35.96,204.86,464,474,0.83,2,8,7,6.45,83,238,300,0,0,4,3,0.83,1,27,93,0,17,103,283,3.15,29,129,188
G4700370019116,2010,Tennessee,47,Davidson County,37,19116,1883.94,4937.78,6340,7366,1660.01,3502.81,4388,4552,169.04,1097.98,1355,1348,8.17,7,17,8,42.55,221.99,305,505,0,1,0,2,4.17,30,79,319,0,77,196,632,15.84,61,248,636
G4700370019117,2010,Tennessee,47,Davidson County,37,19117,493.65,772.92,3948,5296,451.36,636.41,2039,2186,35,102.23,1422,1816,3.01,2.11,1,5,3.2,23.85,249,471,0,0.02,5,2,1.08,1.64,128,368,0,6.66,104,448,8.21,16.57,313,713
G4700370019118,2010,Tennessee,47,Davidson County,37,19118,3068.35,4154.08,4780,5636,2616.64,2793.59,2130,1457,389,1004.77,1867,2144,8.99,14.89,23,39,42.8,147.15,188,819,0,4.98,0,1,10.92,92.36,367,676,0,96.34,205,500,32.79,218.43,773,1157
G4700370019200,2010,Tennessee,47,Davidson County,37,19200,3809.91,3586.73,3497,3567,2560.66,2018.82,2088,2294,982.25,1263.29,1211,903,26,19.8,19,5,230,79,63,75,1,8,10,0,10,41.8,39,50,0,156.01,67,240,32,70.8,103,149
G4700370019300,2010,Tennessee,47,Davidson County,37,19300,3866.09,3830.27,3523,3544,1438.34,738.18,634,843,2364.75,2875.71,2724,2375,10,15.2,5,16,20,25,4,28,0,40,4,7,33,20.2,20,40,0,115.99,132,235,44,38.2,55,119
G4700370019400,2010,Tennessee,47,Davidson County,37,19400,2984.57,2891.5,3639,8285,651,508.02,1386,5713,2322.57,2289.47,2119,1685,6,3,9,20,0,6,43,224,0,1,0,2,5,44,26,95,0,40.01,56,546,14.01,67.01,97,382
G4700370019500,2010,Tennessee,47,Davidson County,37,19500,3260,2971,5916,12414,1864,1740,3780,9259,1255,1034,1684,1488,35,12,32,24,87,101,252,733,2,3,5,4,17,30,57,184,0,51,106,722,72,130,231,697
G4700370019600,2010,Tennessee,47,Davidson County,37,19600,3235,3990,3764,3666,2890,2390,2382,1964,287,512,979,761,16,16,9,32,35,67,48,85,0,2,15,1,7,862,236,458,0,141,95,365,44,1209,466,758
G4700370980100,2010,Tennessee,47,Davidson County,37,980100,551.07,0,0,14,403.39,0,0,7,141.73,0,0,5,2.97,0,0,0,2.97,0,0,0,0,0,0,0,0,0,0,0,0,0,0,2,7.93,0,0,1
G4700370980200,2010,Tennessee,47,Davidson County,37,980200,2.21,1.17,0,3,2.21,1.15,0,0,0.01,0.02,0,1,0,0,0,0,0,0,0,0,0,0,0,0,0,0.01,0,0,0,0,0,2,0,0.01,0,2